{"cameraMode":{"drawMode":0,"name":"Shaded","section":"Shading Mode"},"sceneLighting":false,"audioPlay":false,"sceneViewState":{"m_AlwaysRefresh":false,"showFog":true,"showSkybox":false,"showFlares":true,"showImageEffects":true,"showParticleSystems":true,"showVisualEffectGraphs":true,"m_FxEnabled":true},"in2DMode":false,"pivot":{"x":0.513462483882904,"y":1.6384892463684083,"z":-0.47581520676612856},"rotation":{"x":0.07059755176305771,"y":0.06827232241630554,"z":-0.004865993745625019,"w":0.9953598380088806},"size":0.8735924363136292,"orthographic":false}