{"cameraMode":{"drawMode":0,"name":"Shaded","section":"Shading Mode"},"sceneLighting":true,"audioPlay":false,"sceneViewState":{"m_AlwaysRefresh":false,"showFog":true,"showSkybox":true,"showFlares":true,"showImageEffects":true,"showParticleSystems":true,"showVisualEffectGraphs":true,"m_FxEnabled":true},"in2DMode":false,"pivot":{"x":-3.2701303958892824,"y":4.575284481048584,"z":-0.6523811221122742},"rotation":{"x":0.2487502545118332,"y":0.45937374234199526,"z":-0.1349012702703476,"w":0.8422986268997192},"size":0.25700294971466067,"orthographic":false}